feature,coef
"cat__society_Civil Lines, Gurgaon",1.0616219745282718
cat__society_dlf the crest,0.9458561718741664
cat__society_Lotus Floors,0.9445501074834134
cat__society_dlf the aralias,0.941540824023182
cat__society_DLF The Crest,0.8543490275953237
cat__society_Emaar The Palm Springs,0.8421489756958009
cat__sector_sector 28,0.8240839258810204
cat__sector_sector 25,0.7832413287410608
cat__sector_sector 26,0.7516581600510263
cat__society_Unitech Vista Villas,0.7375231378445903
"cat__society_Sector 15, Gurgaon",0.7368177129109593
"cat__society_Sector 11, Gurgaon",0.7071790713884522
cat__society_dlf the belaire,0.6837987128526658
"cat__society_Golf Course Ext Road, Gurgaon",0.6633553344474359
"cat__society_Part 3 Sector 5, Gurgaon",0.6528625501909845
cat__society_executive villas lane,0.6412643359871054
"cat__society_Om Nagar, Gurgaon",0.6371058484585981
cat__society_central park resorts,0.6312288800430542
cat__society_trump tower,0.6310537028711769
cat__sector_sector 42,0.6155540804973587
"cat__society_Sector 15 Part 1, Gurgaon",0.6095843468817199
"cat__society_Sector 66, Gurgaon",0.6044949861692188
cat__society_DLF The Grove,0.5958992052053171
cat__society_dlf the pinnacle,0.5806733314112038
cat__society_Whispering Meadows,0.579810347963124
cat__society_salcon the verandas,0.573888568058769
cat__society_Emaar MGF Marbella,0.5670392534645745
"cat__society_Block C DLF phase 1, Gurgaon",0.5566530242106221
cat__society_Sobha International City Phase 3,0.5559496196811635
"cat__society_Block J Pocket C Palam Vihar, Gurgaon",0.5548485280965603
cat__society_indiabulls enigma,0.5410980511087742
"cat__society_Ansal Sec-49,Gurgaon(Haryana)",0.5408545671034086
cat__sector_sector 62,0.5324284789924421
"cat__society_Model Town, Gurgaon",0.5090220823130814
cat__society_Vipul Tatvam Villa,0.5076511122901306
cat__society_H NO 2/15,0.5056246743876769
cat__society_Park View Villa,0.5011181897181233
"cat__society_DLF Cyber City, Gurgaon",0.48786869984854775
cat__society_Suncity Township,0.487632838214614
cat__society_Central Park Flower Valley Fleur Villas,0.48554425875482726
cat__society_dlf park place,0.4803836505248992
cat__society_Central Park The Orchard,0.4798548816521683
cat__society_paras quartier,0.4797120645339517
"cat__society_Sector 110 A, Gurgaon",0.4782040380254675
"cat__society_Sector 15 Part 2, Gurgaon",0.4704563044265373
"cat__society_Friends Colony, Gurgaon",0.46894002962736564
cat__society_dlf park heights,0.4645723141738063
cat__society_Eros City Square,0.46073294860774605
"cat__society_Sector 50, Gurgaon",0.4578715152790376
cat__society_Sobha City,0.4564275885688625
cat__society_tulip monsella,0.44987988015649416
cat__society_Unitech Uniworld Resorts,0.44765827869356084
cat__society_MGF The Vilas,0.4474668399622288
cat__sector_sector 50,0.4454831587642294
cat__society_pioneer araya,0.440921351002589
cat__society_krisumi waterfall residences,0.44021385004850755
cat__sector_sector 65,0.4383366553933116
cat__society_Orchid Petals,0.4376992195127775
cat__society_Eros Rosewood Villas,0.4355597166353781
cat__society_DLF Garden City Floors,0.43520375017893714
"cat__society_Block I South City 1, Gurgaon",0.4314066622485656
"cat__society_Shivaji Nagar, Gurgaon",0.428186100933539
"cat__society_Sector 89, Gurgaon",0.4107386775513534
cat__society_puri emerald bay,0.4080644037845132
cat__society_vipul belmonte,0.40744709656495964
cat__society_Hero Homes,0.4059012465086348
"cat__society_DLF, Beautiful Duplex House Design",0.40438919377266486
cat__sector_sector 43,0.4039047781400154
"cat__society_Sector 5, Gurgaon",0.4026713286154657
"cat__society_Block E Greenwood City, Gurgaon",0.3998953088773503
cat__sector_sector 53,0.39803758272689027
"cat__society_Sector 105, Gurgaon",0.3974347568308238
cat__society_Ace Palm Floors,0.39529221732852476
cat__society_tulip violet,0.3948854967555501
cat__society_Tulip Ivory,0.39129410465680864
cat__society_Block A,0.39006417931603704
"cat__society_Block B, Palam Vihar, Gurgaon",0.38836250651138704
"cat__society_DLF Phase 5, Gurgaon",0.38438002832938395
cat__society_Unitech resorts villa,0.38395276414023327
cat__society_m3m merlin,0.38328342219832734
cat__society_ireo victory valley,0.3819225705590029
cat__society_mahindra aura,0.3813508759968374
cat__society_International City by Sobha Phase 1,0.3805078338318214
cat__sector_sector 59,0.37915165002011314
"cat__society_Block C2 Sector 3, Gurgaon",0.3779212706093642
cat__society_Exclusive Ready to Move Villa,0.3775952175676964
"cat__society_Huda, Gurgaon",0.37456723556307814
cat__society_ats triumph,0.37365075090860783
"cat__society_Block C Palam Vihar, Gurgaon",0.37332653714171804
cat__society_Central Park Flower Valley Clover Floors,0.3684675520288722
cat__sector_sector 54,0.3661729236799619
cat__society_sushant lok 1,0.35904781792981005
cat__society_Unitech Espace,0.35407449307942457
cat__society_ambience creacions,0.3538624823704048
"cat__society_Sector 7, Gurgaon",0.35376515066751113
"cat__society_DLF, Luxury Duplex House Design",0.35313197736332885
cat__society_mahindra luminare,0.35137406369255736
cat__society_Niho Scottish Mall,0.3471089068206851
cat__society_Bestech Park View Grand Spa,0.3428383081225297
cat__society_godrej meridien,0.34273817140302687
cat__society_Central Park Flower Valley Aqua Front Towers,0.34191365899111914
cat__society_dlf westend heights,0.33988319421375396
"cat__society_Sector 109, Gurgaon",0.33697860941983576
cat__society_Sector 21 RWA,0.3333729925342424
cat__society_Ansal Plaza,0.3273533526947784
"cat__society_Sector 31, Gurgaon",0.3219214989077501
cat__sector_sector 66,0.32184649609548593
cat__society_bestech park view spa,0.32012410594797136
"cat__society_Garden Estate, Gurgaon",0.31754569059187593
cat__society_Unitech Aspen Greens,0.31668442806205915
cat__society_Puri Diplomatic Greens,0.3165447158556907
cat__society_hero homes,0.31633594145595556
cat__society_m3m mall,0.31620007685769663
cat__society_Ansals Boom Plaza,0.3152374146443836
cat__society_Trehan Luxury Floors 71,0.31495303666921326
cat__society_SS Hibiscus,0.3141475107234142
cat__society_tulip yellow,0.31108966243184444
"cat__society_Block C Sushant Lok Phase - 3, Gurgaon",0.3088737183942915
cat__society_k block,0.30621507828538275
"cat__society_Sector 55, Gurgaon",0.3058850267033661
cat__society_Unitech Escape,0.30283785072863834
cat__society_BRAND NEW NORTH WEST DIRECTION,0.3017890102496263
cat__society_emaar mgf the vilas,0.3000836310300901
cat__society_dlf the ultima,0.2979639348260488
"cat__society_Sector 70A, Gurgaon",0.29764664173620736
cat__society_Sec 56 Block C,0.29764124935355357
"cat__society_Mohyal Colony, Gurgaon",0.2948911981207644
cat__sector_sector 41,0.28968999111267424
"cat__society_Sector 65, Gurgaon",0.28771934120501524
cat__society_DLF Alameda,0.2853754066876131
cat__sector_sector 73,0.28444577247295905
cat__sector_sector 24,0.28407501867144824
cat__society_Ganpati Enclave,0.28289870702266723
cat__society_Boutique Villa,0.282788870982391
"cat__society_T Block, DLF Phase 3, Gurgaon",0.28232387015983484
cat__society_Ansals Florence Villa,0.2818405506821791
cat__sector_sector 111,0.2793489402490632
"cat__society_Nirvana Villa, Sector 50, Gurgaon",0.27910118558479863
cat__society_park Facing Floor DLF,0.2776958057483429
cat__sector_sector 72,0.27718571194647285
cat__society_palam vihar,0.2747692415585067
cat__society_sobha city,0.27045456041354876
cat__society_Unitech Nirvana Birch Court,0.26957274610890525
cat__society_Vipul World,0.2687603771857759
cat__society_duplex kothi,0.2686958172904135
cat__sector_sector 60,0.2684759073367702
cat__society_DLF Gardencity,0.2683511728747694
"cat__society_Sector 57, Gurgaon",0.26795485672128794
"cat__society_Sector 21 Pocket A, Gurgaon",0.26732407417624626
cat__society_Ansals Palam Vihar,0.2623674978446949
cat__society_m3m golfestate,0.26206752247840887
cat__society_South Zone RWA,0.2607499361619519
"cat__society_Palam Vihar, Gurgaon",0.2598624196129039
"cat__society_Sector 39, Gurgaon",0.25916895845636334
cat__sector_sector 58,0.2581534825915766
cat__society_ireo the grand arch,0.2581534825473998
cat__society_Today Blossoms 2,0.2564764133987543
cat__society_unitech uniworld city,0.2554381429461262
cat__society_Luxury Builder floor In Nirvana Country,0.254329234898239
"cat__society_Sushant Lok Phase 3, Gurgaon",0.2519447204677002
cat__sector_sector 14,0.2515312156473982
cat__society_Nirvana Cedar Crest,0.25017835310874026
cat__society_bptp terra,0.24925728456579385
cat__society_shapoorji pallonji joyville gurugram,0.24903245886355338
"cat__society_Block A Greenwood City, Gurgaon",0.24745279486788968
cat__society_m3m st andrews,0.24532162054230097
"cat__society_Block C 1 Palam Vihar, Gurgaon",0.24505321088186086
"cat__society_Sector 9A, Gurgaon",0.24501513002163075
"cat__society_Sector 54, Gurgaon",0.24369834911415678
cat__society_Ultra Luxury Builder Floor In Sushant Lok-3,0.24301527279202667
"cat__society_Block N, Mayfield garden, Gurgaon",0.24266701791744857
"cat__society_Block B Sushant Lok 3, Gurgaon",0.24090352441285062
cat__society_Anant Raj Manor Villas,0.23949478306694055
cat__society_Central Park Flower Valley,0.23947398562532754
"cat__society_Block C Greenwood City, Gurgaon",0.23877010153885128
cat__society_Oriental Homes,0.23868741548517633
cat__society_Unitech Deerwood Chase,0.23850729208571256
"cat__society_Block M South City 1, Gurgaon",0.23691421388494407
"cat__society_Malibu Town, Gurgaon",0.23673441805549766
cat__society_conscient elevate,0.2357618963228911
cat__society_sector 14 old dlf colony,0.2356240462848059
"cat__society_B1 Block Sector 57, Gurgaon",0.23450222024728676
cat__society_Ultra Luxury Builder Floor In Malibu Town,0.23374159677456646
cat__society_Satya The Legend,0.2330690236631253
cat__society_Central Park Flower Valley Mikasa Plots,0.23179101420741355
cat__society_bestech park view sanskruti,0.2308124416788034
num__total_area_sqft,0.22794855070477452
cat__society_Birla Navya,0.22765321917259787
cat__society_Florence Residency,0.22674882107154917
cat__sector_sector 63,0.22615213430969494
cat__society_Unitech Nirvana Country 2,0.22580227410246007
cat__society_Palam Vihar Society,0.22467912708471288
cat__society_aipl the peaceful homes,0.22425835317198653
cat__society_Sushant lok,0.22425010355696023
cat__society_Unitech Greenwood City,0.223966453613009
"cat__society_Sushant Lok 3 Extension, Gurgaon",0.22393023452826444
"cat__society_G Block, Sushant Lok 3, Gurgaon",0.22341171668070287
cat__society_Adani Brahma Samsara,0.2222520454124528
cat__society_conscient heritage max,0.2222503705148543
cat__society_Independent Floor by Vibrant Builders,0.22184312351484523
"cat__society_Sector 2, Gurgaon",0.2216901084553268
cat__society_BPTP Amstoria,0.22135681006097857
cat__society_G Block,0.22077851869123588
cat__society_adani m2k oyster grande,0.219798413671129
cat__society_parsvnath exotica,0.21741878380631707
cat__society_Malibu Towne,0.2168928771590854
cat__society_GPS Atulyam Homes,0.2163054965611897
cat__society_vipul greens,0.21587736071843222
cat__society_HSVP/HUDA Sector 30 Gurgaon,0.21585542112661524
cat__society_HUDA SECTOR 17,0.21463816385788195
cat__society_bestech park view city,0.21405219303813938
cat__society_Corner Lift & Bsmnt,0.21350238883820066
"cat__society_Sector 23, Gurgaon",0.21315612418341634
cat__society_International City by SOBHA Phase 2,0.21260933694201137
cat__society_tulip white,0.21100402678619562
cat__sector_sector 27,0.20957610834976426
"cat__society_Sector 27, Gurgaon",0.20957610834273105
"cat__society_Nirvana Country, Gurgaon",0.20888506361110806
cat__society_G Block Sushant Lok 2 Ext,0.2083823023020005
cat__sector_sector 10,0.20812197988354353
cat__sector_sector 61,0.20782452859938527
cat__society_DLF Gardencity Enclave,0.20676194558691918
cat__society_B block,0.20593600982618848
"cat__society_Urban Estate, Gurgaon",0.20559667815950833
cat__society_dlf garden city floors,0.20461978347500565
cat__society_signature global city 37d ph 2,0.204575861519573
"cat__society_Sector 93, Gurgaon",0.20434779202667344
cat__society_Huda Flats,0.20421274463335026
"cat__society_Sector 51, Gurgaon",0.20367811215136747
cat__society_Adani Brahma Samsara Vilasa,0.20225881409933366
cat__society_independent house,0.19981154998056455
"cat__society_Sector 4, Gurgaon",0.19913451136128213
"cat__society_Huda Sector, Gurgaon",0.19867155685620097
cat__society_experion windchants,0.19853758513455896
cat__society_Sector 57,0.19761384692852343
cat__society_DLF,0.19710711021396457
cat__sector_sector 38,0.19646606087466448
"cat__society_Sector 38, Gurgaon",0.19646606086503274
cat__society_central park 2 bellevue,0.194956114337663
cat__society_Urban Estate Residents Welfare Association,0.19245025192399492
"cat__society_South City, Gurgaon",0.19200122563819508
cat__sector_sector 45,0.18862468862359807
cat__society_All Punjabi Welfare Association,0.18847258537207814
cat__society_Ultra Luxury Builder floor In Nirvana Country,0.18808647363316305
cat__society_m3m flora,0.18804470854911243
"cat__society_Block G Sector-57, Gurgaon",0.1879830834802162
cat__society_Ansal Homes,0.18681723130111846
cat__society_Tulip White,0.18646974795754542
cat__society_huda,0.18610096493305933
cat__society_tulip purple,0.18607678426654098
cat__society_vatika sovereign park,0.1844663763872959
cat__sector_sector 22,0.1844378145791167
"cat__society_Sector 7 Extension, Gurgaon",0.1842444795445953
cat__society_sushant lok 3,0.18173274093900055
cat__society_aipl zen residences,0.1812165387831435
cat__society_central park flower valley,0.1791543447912249
cat__sector_sector 30,0.17907066732489904
"cat__society_Sector 70, Gurgaon",0.17809000754069784
cat__society_Unitech Palms South City 1,0.17794379963270068
cat__society_Whiteland Blissville,0.17702933253469755
cat__society_ss the leaf,0.176578307980978
"cat__society_Sector 46, Gurgaon",0.17628972282903735
cat__society_Signature Global City,0.17567640790755967
cat__society_m3m the marina,0.17544360416910612
cat__sector_sector 17,0.17525694690193772
"cat__society_Sector 108, Gurgaon",0.17483659930268652
"cat__society_Pocket I Nirvana Country, Gurgaon",0.17332409749254696
cat__sector_sector 49,0.1721339287256298
cat__society_central park flower valley aqua front towers,0.17149743954272348
"cat__society_Greenwood City, Gurgaon",0.1700778299926331
"cat__society_Sector 40, Gurgaon",0.169471810584403
cat__society_Vatika Signature Villas,0.16919689291632417
cat__society_Signature Global City 37D Ph 2,0.16859586489033332
cat__sector_sector 47,0.16732119708854207
"cat__society_Block A South City 2, Gurgaon",0.16652799595390383
cat__sector_sector 109,0.1656025880587083
"cat__society_Sushant Lok 2,Sector 55, Gurgaon",0.16558602848339166
"cat__society_Block C Ardee City, Gurgaon",0.16414020287053283
cat__society_bestech spa signature,0.16380042470278425
cat__society_BPTP Green Oaks,0.1618345813918865
cat__society_Central Park Flower Valley Flamingo Floors,0.1615209710323752
cat__society_Sushant lok 3 Gurgaon,0.16084737651218423
cat__society_bptp freedom park life,0.16015893653063001
cat__sector_sector 112,0.1600042425463103
cat__sector_sector 56,0.15974172740299317
cat__society_vatika P block,0.1597059091605357
cat__society_microtek greenburg,0.15885483305135256
"cat__society_Sector-7 Ext, Gurgaon",0.1535479158281584
cat__society_South city 1,0.14965620823523695
cat__society_Ansal Sushant Lok Plots,0.14948062683523802
cat__society_godrej habitat,0.14824625201075758
cat__society_pioneer urban presidia,0.14814765335560232
"cat__society_South City 2, Gurgaon",0.14711468728462582
"cat__society_Mayfield Garden, Gurgaon",0.14679779409644386
cat__society_SS Almeria,0.14627312872853074
cat__society_Sector 40,0.14590204650609467
cat__society_dlf the primus,0.14563890021248588
cat__society_Ansal Sushant Residency,0.14486275150281977
"cat__society_Vijay Park, Gurgaon",0.14466560698066225
cat__society_Ultra Luxury Builder Floor,0.14465459827179988
cat__society_bestech park view residency,0.14456083382691784
cat__society_Uppal Southend,0.1434837259757312
cat__society_godrej summit,0.14315971043572087
"cat__society_Sector 17B, Gurgaon",0.1431204607195947
cat__society_Sector 43,0.1428729881127861
cat__society_Vatika Primrose Floors,0.14170494393262179
"cat__society_New Colony, Gurgaon",0.1411019114806215
cat__society_HUDA Sector 57,0.14082546507237975
cat__society_BPTP Astaire Gardens,0.14080353987755453
cat__society_East Facing A block,0.14061088490472204
"cat__society_DLF, Livable house, Park Facing",0.13822516797848008
cat__society_24 Mtr Lane,0.13819543312861332
cat__society_paras irene,0.1374544586353299
cat__society_SECTOR 17,0.13648356087151814
cat__society_emaar palm heights,0.13537479389234114
"cat__society_Sector 8, Gurgaon",0.13501892370047852
cat__society_Central Park Flower Valley Cerise Floors,0.13407501033478933
cat__society_Huda Sector 45,0.13351960068455349
cat__society_bptp park serene,0.13325712286368838
cat__society_Luxury Builder floor In South City 2,0.132636738257228
cat__society_Ireo City Plots,0.13245756242070458
"cat__society_Sector 72A, Gurgaon",0.1316395665972316
cat__society_bptp spacio,0.13159577718508358
cat__society_adani brahma samsara,0.13037192038901163
cat__society_Eros Rosewood City,0.1300084790483422
cat__society_MKS County,0.12711007214450654
"cat__society_Sushant Lok, Gurgaon",0.1259160458344734
cat__society_Bestech Park View Ananda,0.12566759259910515
"cat__society_Rosewood City, Gurgaon",0.12522208137752994
cat__society_vatika sovereign next,0.12261484043303239
"cat__society_Pocket E Sector 2 Palam Vihar, Gurgaon",0.1220394066535033
cat__society_bestech park view grand spa,0.12145051502704474
cat__society_central park flower valley flamingo floors,0.12103731739922659
"cat__society_Suncity, Gurgaon",0.11863942941112325
cat__society_bestech altura,0.11851587994396283
cat__society_A BLOCK,0.1180904429001184
cat__society_emaar imperial gardens,0.11761576712765172
cat__society_bptp park generations,0.11704186996556507
cat__society_ambience lagoon,0.1155722423604465
"cat__society_Sushant Lok Phase 2, Gurgaon",0.11493113243647957
cat__society_m3m natura,0.11483906293687783
cat__society_Hongkong bazaar,0.11476748552547639
cat__society_m3m latitude,0.1142789299848605
cat__society_Assotech Blith,0.11377962244723967
cat__society_m3m skywalk,0.11365758569651542
cat__sector_sector 74,0.11365758569442837
cat__society_Unitech Alder Grove,0.11310741479241919
cat__society_ireo the corridors,0.11305726770040349
"cat__society_Sector 9, Gurgaon",0.11259900019968173
cat__society_National Media Centre,0.11155478312978474
cat__society_RWA Sector 46,0.11125454973503095
"cat__society_Sector 67, Gurgaon",0.10764176357395247
cat__society_tata primanti,0.10757275676032083
cat__sector_sector 51,0.10649486129387285
cat__society_m3m escala,0.10578369009367444
"cat__society_Sector 23A, Gurgaon",0.10528231752465288
cat__society_Sector46,0.10520392062822988
cat__property_type_Independent House,0.10275818597526687
cat__society_DLF Exclusive Floors,0.09869015398594895
cat__society_dlf the skycourt,0.0979641042154681
cat__society_Garden Villas,0.09783197989675653
cat__sector_sector 55,0.09675673738950094
"cat__society_Sector 79, Gurgaon",0.09672432642118513
cat__society_Luxury Builder Homes by Horiizon Ventures,0.09641613718913956
cat__society_bestech park view spa next,0.09593236803778678
cat__society_Smart World Gems,0.0937407914090995
cat__society_dlf wellington estate,0.09282002021278615
cat__society_DLF Regal Gardens,0.09269977771459453
cat__sector_sector 108,0.09213935807631514
cat__society_Ansal,0.09101927814659493
cat__society_DLF Floors Phase 3,0.09098759899257611
"cat__society_B Block Sushant Lok Phase 1, Gurgaon",0.09083599177462146
"cat__society_Sector 67A, Gurgaon",0.09049410862858302
cat__society_Anant Raj Estates,0.08911797172987977
"cat__society_Sector 45, Gurgaon",0.08863999919446551
cat__society_sare homes,0.08684119468322268
cat__society_m3m sierra 68,0.08676339480078622
"cat__society_Ashok Vihar Phase 3 Extension, Gurgaon",0.08633709648450498
cat__sector_sector 46,0.08594502792732996
cat__society_Ansal Sushant Lok 2,0.08585610298865903
cat__sector_sector 113,0.08553507162619554
cat__society_pareena mi casa,0.08423452237376781
cat__society_Luxurious Builder floor In South City 2,0.0841764247472808
cat__society_A Block Sector 55,0.0837301926682415
cat__society_north east facing,0.083216258230242
"cat__society_Mianwali Colony, Gurgaon",0.08141107546561571
cat__society_Floor Wise Kothi,0.08125815714153659
cat__society_chd avenue 71,0.08104576184945987
cat__society_Huda Sector 46,0.0807153288023999
cat__society_SRG Home 1,0.0803718308610506
"cat__society_Sushant lok 1 kothi ,sushant lok 1",0.08018243680513691
cat__society_sushant lok -1 A block,0.07970491090209575
cat__society_ireo skyon,0.07885203339314596
cat__society_Ultra Luxury Builder Floor In Malibu town,0.07878129026707548
cat__society_Luxury Builder Floor In Sushant Lok 1,0.0781023075459469
"cat__society_South City 1, Gurgaon",0.07737349378095278
cat__society_Emaar Emerald Hills,0.07666629405318391
cat__society_Corner House,0.07648031289062611
cat__society_la vida by tata housing,0.07590297464781025
"cat__society_Block P South city 1, Gurgaon",0.07469425425950613
cat__society_M3M Soulitude,0.07433285032883483
"cat__society_V Block DLF Phase 3, Gurgaon",0.07328378341259256
cat__society_Independent house,0.0710897763722514
"cat__society_U Block DLF Phase 3, Gurgaon",0.0705465721533309
"cat__society_Ardee City, Gurgaon",0.07046591650258849
cat__society_220 n block mayfield garden,0.07045788770339446
"cat__society_Uppals Southend, Gurgaon",0.06845740917438119
cat__society_orchid petals,0.06717266958313137
cat__society_Sushant Lok - 1,0.06632553394689172
cat__society_unitech the residences,0.06576527590544524
cat__society_dlf gardencity enclave,0.06535352021476787
cat__society_Ansal API Esencia,0.06351602344373082
cat__society_SS Linden Floors,0.06296230480570959
cat__society_avenue 49,0.06195560496472136
cat__sector_sector 67,0.061936351771158735
cat__society_Upscale Luxurious Builder Floors,0.06092106843230035
cat__society_ss linden floors,0.060619972673281675
num__bathrooms,0.059235580510206026
cat__society_Sector 46,0.05865976652884587
cat__society_Private Builder FLoor,0.05830761123824314
cat__society_Jyoti Park,0.056980707753671506
cat__society_signature global city,0.05628756973081607
cat__sector_gwal pahari,0.055516515969676404
cat__society_mapsko mount ville,0.05502666867726354
cat__society_gpl eden heights,0.054691161107430074
"cat__society_New Palam Vihar Phase 2, Gurgaon",0.054556952306829776
cat__society_Krisumi Waterfall Residences,0.05332430634208215
"cat__society_A Block Sushant Lok Phase 1, Gurgaon",0.0523603017550558
cat__society_49th Avenue,0.05131799109161784
cat__society_sri kirti apartments,0.05089684664334874
cat__society_Huda Sector 47,0.050892363537929926
"cat__society_Pratap Nagar, Gurgaon",0.050265001948556154
"cat__society_Sector 110, Gurgaon",0.048684569017364836
cat__society_emaar palm gardens,0.04865389417237224
cat__sector_sector 52,0.04668998648843082
cat__society_Private Builder Floor,0.0457023314731068
cat__society_sushant lok-1,0.044415431688823025
"cat__society_DLF Phase 3, Gurgaon",0.0442695353934674
cat__society_emaar gurgaon greens,0.04356593657186669
cat__society_Sector 14 RWA,0.043481701495791836
"cat__society_Sector 47, Gurgaon",0.04345452994691598
cat__society_Mapsko Casa Bella,0.041980352017017185
cat__society_emaar mgf the palm drive,0.0414273816277036
cat__society_ats marigold,0.040696523491849546
"cat__society_Sector 81, Gurgaon",0.040518779388154964
cat__society_indipendant house gurugram,0.03800875486511458
cat__society_Tata Primanti,0.03797338733411609
cat__society_Vatika India Next,0.03772628329686326
num__bedrooms,0.03737964150972449
cat__society_sare crescent parc,0.036576857101463106
cat__society_Green Meadows,0.03627655622573475
cat__society_tata gurgaon gateway,0.03418921561652419
"cat__society_Block C, Sushant Lok Phase 1, Gurgaon",0.03405015784342339
"cat__society_Block H, Sector-57,, Gurgaon",0.03366337085280849
cat__society_parsvnath green ville,0.03336452276887012
cat__sector_sector 40,0.03265882160788958
cat__society_Emaar MGF Emerald Floors Premier,0.031126235030860996
"cat__society_Sector 2 Palam Vihar, Gurgaon",0.02976990358328487
cat__society_Laburnum Victory Floors,0.02892998921003057
cat__society_Sushant lok 3,0.02852128454448801
cat__society_vatika city,0.028118703109715416
cat__society_Bptp Visionnaire,0.027921612343755536
cat__society_SOUTH City 1 kothi,0.02708585587194108
cat__society_Ansal API Versalia,0.025419098713149294
cat__facing_north-west,0.023764968125467398
cat__society_Silverglades The Melia,0.023659734491378776
cat__society_urban Home,0.02357794445817716
cat__sector_sector 82,0.02325050580235721
num__servant_room,0.02288725772368029
cat__society_Ultra-Luxury Villa,0.022786605599811313
cat__balcony_3+,0.022338402290332765
"cat__society_Block F New Palam Vihar Phase 1, Gurgaon",0.022336484219253355
"cat__society_Sector 63A, Gurgaon",0.02224368239207843
cat__society_godrej 101,0.021137586231989938
cat__society_Emaar MGF The Vilas,0.020787220422479148
cat__sector_sector 48,0.018764266660189766
cat__society_paras dews,0.017607239434110418
cat__society_Luxury Independent Villa,0.016698167799498353
cat__society_signature the roselia,0.016137331486745513
"cat__society_Block F, Sushant Lok Phase III, Gurgaon",0.01515628136238945
cat__society_bestech park view city 2,0.013942258070125476
cat__society_landmark towers,0.013846697805736075
cat__sector_sector 31,0.013096540560705345
cat__society_spaze kalistaa,0.012211420693941844
num__pooja_room,0.012149549196877078
"cat__society_HUDA Plots, Sector 40, Gurgaon",0.011986515700605705
cat__luxury_category_Luxury,0.01197794082479116
cat__society_awho devinder vihar,0.011683630205367734
"cat__society_Block Q South City 1, Gurgaon",0.010901649548266105
cat__society_Saksham Welfare Association,0.00967473773142818
cat__society_m3m capital,0.009632097022431592
cat__facing_north-east,0.009596668645136093
cat__society_alpha corp gurgaonone 84,0.008907909200881576
"cat__society_Sector 43, Gurgaon",0.008905117835689216
cat__facing_south-east,0.008655074503347475
cat__balcony_3,0.008237756968258127
cat__age_possession_New Property,0.006351493222314115
cat__society_Flora Avenue 33,0.005745407752049174
cat__society_ramprastha primera,0.005494152623023174
cat__facing_south,0.004967826219259322
cat__facing_west,0.004753926496327799
cat__sector_sector 57,0.004284827858030038
cat__age_possession_Old Property,0.002872502337740724
cat__society_sare crescent parc royal greens phase 1,0.0024946431370805977
cat__facing_not available,0.001796201820556174
cat__society_Brand New Ultra Luxurious Builder Floor,0.0016846410717367233
cat__society_central park,0.0015573922682709002
cat__facing_south-west,0.0012414844006964243
cat__luxury_category_Semi-Luxury,0.0011657214294080495
cat__balcony_1,-4.646191533682747e-05
num__area_per_bedroom,-0.0008025637676229736
cat__society_orris aster court premier,-0.0009168911677830516
cat__society_dlf alameda,-0.0009296342134575303
cat__facing_north,-0.001367664695926015
cat__society_Ardee City,-0.0015733820715962486
"cat__society_Sector-35 Sohna, Gurgaon",-0.002049794777524102
cat__society_SS Aaron Ville,-0.005239765403654866
cat__society_Paramount Luxury Floors,-0.00531398040490436
cat__society_sare petioles,-0.005606261569858471
cat__society_unitech uniworld gardens,-0.006596703549647898
cat__society_ansal harmony homes,-0.007761663319193235
"cat__society_Block N South City 1, Gurgaon",-0.008069297479712688
cat__society_cghs hewo apartments,-0.00829112482921747
cat__age_possession_Relatively New,-0.008722947467664308
cat__society_godrej oasis,-0.01014993257048102
cat__sector_sector 23,-0.012775857054209517
cat__society_bal bhawan,-0.013097257063403608
cat__society_Signature Global City 93,-0.014118111153157151
"cat__society_Subhash Nagar, Gurgaon",-0.014222731548935361
cat__balcony_2,-0.014858038591733312
cat__society_DLF New Town Heights 2,-0.015438902071588769
cat__society_dlf regal gardens,-0.01572257660363941
cat__society_pioneer park,-0.016749457306900545
cat__society_spaze privvy the address,-0.016756980793595003
"cat__society_Block-A, DLF City Phase 1, Gurgaon",-0.016771887489105016
cat__society_Signature Global City 63A,-0.017095960232160284
"cat__society_Sushant Lok Phase 1, Gurgaon",-0.019006475036179957
"cat__society_Sector 52, Gurgaon",-0.019587984120097716
cat__society_The Laburnum,-0.020391161941119798
"cat__society_Mahalaxmi Garden, Street no 5",-0.020831425371664058
cat__society_ild grand,-0.020891085513959136
cat__society_ashiana anmol,-0.020906790765621918
cat__society_godrej icon,-0.02155121297951999
cat__society_Vatika Emilia Floors,-0.02291307332189295
cat__furnishing_type_Semi-Furnished,-0.02324277423669997
cat__society_indiabulls centrum park,-0.023485553140416976
cat__furnishing_type_Unfurnished,-0.024083612354704843
cat__sector_sector 70,-0.02436301177890369
cat__sector_sector 90,-0.024572750726866606
cat__society_lotus elise,-0.02497628885437068
cat__society_sector 47,-0.026146238541981098
cat__sector_sector 35,-0.02627325966738813
cat__society_pareena coban residences,-0.026925321586510523
cat__society_Avenue-49,-0.02718690265345632
cat__society_DLF City Plots Phase 3,-0.027897401827171125
"cat__society_railyway road gurgaon, Gurgaon",-0.027911505658155828
cat__society_Vatika Independent Floors,-0.02915616632847581
cat__society_vatika gurgaon 21,-0.02935624745554151
cat__society_friends apartment,-0.030678667399622123
cat__society_Top Terrace,-0.03126672068040502
cat__sector_sector 88,-0.03170114557480591
cat__society_18 Mtr wide road,-0.032852286138406496
cat__society_DLF Phase 4 Luxury Duplex,-0.033601218117419944
cat__society_Luxury Builder Floor,-0.03419199088353925
cat__society_urban home,-0.03501876606455402
cat__society_sector 7,-0.035782297213226746
cat__sector_sector 81,-0.03586913432870734
cat__society_puri diplomatic greens,-0.03719577598384565
cat__society_Sushant Lok 1 Builder Floors,-0.03764937388185097
cat__society_IFFCO Nagar and 17B RWA,-0.03771693495782209
cat__society_dhoot time residency,-0.03880351008873012
cat__society_sector 70,-0.039269605202018415
cat__society_ss cendana reserve collection,-0.03959550707260939
cat__society_Super Luxury Fabulous Construction,-0.03983072061948544
cat__society_karam hi dharam,-0.04055229490728563
cat__society_DLF Phase -1,-0.04162458707815149
cat__sector_sector 76,-0.04234534552088106
cat__society_ULTRA LUXURY NAMO HOMES BUILDER FLOOR,-0.04301845457536738
cat__society_Smart World Orchard,-0.04347547463369846
cat__society_dlf carlton estate,-0.04492020699498795
"cat__society_Block F Sector 57, Gurgaon",-0.045373143630585575
cat__sector_sector 77,-0.04621260798673821
cat__society_spaze privy at4,-0.04711368092216362
cat__sector_sector 99,-0.0476817926313812
cat__society_wide road,-0.048168471553649936
cat__society_vatika inxt floors,-0.049228457109963576
cat__society_Raisina Residency,-0.0493940151640336
cat__society_bestech park view ananda,-0.050185290975601954
cat__society_JMV HOMES,-0.05071446107006268
"cat__society_Ansal, Ultra Luxury Builder Floor",-0.051609754645522615
cat__society_anant raj estates,-0.051625156242004096
cat__society_vatika lifestyle homes,-0.05211920412993192
cat__society_CORNER GREEN BELT,-0.05218016686506956
cat__society_tarc maceo,-0.05228230683029882
cat__society_shree vardhman victoria,-0.052854302150373324
cat__society_tulip orange,-0.05529852182097822
cat__society_orris aster court,-0.055770073227422154
cat__society_c-14 greenwood city,-0.0558854151155471
cat__society_emaar digihomes,-0.05664052562204875
cat__society_abhinandan cghs,-0.057373398706914096
"cat__society_Block S Uppals Southend, Gurgaon",-0.05760454423012092
cat__sector_sector 83,-0.05771865157161052
cat__society_m3m soulitude,-0.05795684242014914
cat__sector_sector 80,-0.0584089347297046
cat__society_godrej frontier,-0.05840893473162334
cat__society_383/13 Partap nagar,-0.05870067268657888
cat__society_Super Luxury Park facing,-0.05880687810315292
cat__society_Kendriya Vihar,-0.05909665785202501
cat__society_Concave Enclave,-0.06014002801576158
"cat__society_Sector-22A, Gurgaon",-0.06056205694265421
cat__society_piedmont taksila heights,-0.06266763928900182
cat__society_dlf new town heights 2,-0.06345659880389837
cat__society_suncity platinum towers,-0.06367427450202805
cat__society_DLF City Plots,-0.06393533896424862
cat__society_smart world gems,-0.06458430261864201
"cat__society_Jyoti Park, Gurgaon",-0.06558550286707418
"cat__society_Block E sector 56, Gurgaon",-0.06568380846171272
cat__sector_sector 33,-0.06650850122379133
cat__society_ramprastha the edge towers,-0.0670807458727024
cat__society_godrej nature plus,-0.06733703574969231
cat__society_DLF Phase - 2,-0.06975480846015122
cat__society_emaar mgf palm terraces,-0.07046115594004683
cat__society_ild greens,-0.07238963731411617
cat__society_Experion Windchants,-0.07272255792991096
cat__society_Super Luxury Brand New,-0.07314426134950568
cat__society_chintels serenity,-0.07468190245305643
cat__society_rof ananda,-0.07499858918475755
cat__sector_sector 2,-0.075018514309078
cat__society_ss the coralwood,-0.07505904557686778
"cat__society_Sector 30, Gurgaon",-0.07636747557500702
"cat__society_Pataudi, Gurgaon",-0.0770462780169953
"cat__society_Sector 56, Gurgaon",-0.07803370850263891
cat__society_Satya The Hermitage,-0.08072814161914466
"cat__society_C block Sector 43, Gurgaon",-0.08081322349279191
cat__sector_sector 84,-0.08170598958393166
cat__sector_sector 36,-0.08320102231858811
cat__society_smart world orchard,-0.08705493843409237
cat__society_Suncity Vatsal Valley,-0.08720441420575141
cat__society_emaar mgf palm terraces select,-0.08738501311151092
cat__sector_sector 79,-0.08849893538088263
cat__society_pareena express heights,-0.08904557488697232
cat__society_vatika the seven lamps,-0.08908033545823428
cat__society_umang winter hills,-0.089573892150722
cat__sector_sector 91,-0.0906923141986014
cat__society_assotech blith,-0.09152724601788019
cat__society_emaar mgf palm hills,-0.09201350985856332
cat__society_m3m woodshire,-0.09299737342376604
cat__sector_sector 107,-0.0929973734460488
cat__society_eldeco acclaim,-0.09457840214396698
"cat__society_C Block Mayfield Garden, Gurgaon",-0.09486118248077896
cat__society_Huda Colony,-0.09518619793059387
cat__society_imperia the esfera,-0.09578208004101166
cat__society_Silver Oaks Estates,-0.09752155762852754
cat__society_signature signum 81,-0.09797579635634662
cat__society_Huda Sector 23,-0.09854546516696847
cat__sector_sector 86,-0.09862232553286358
cat__society_ramprastha the view,-0.09967625802752778
"cat__society_Sector 82, Gurgaon",-0.09984686531435186
cat__society_dlf new town heights 1,-0.1015499519170288
cat__society_dlf phase 1,-0.10209727625752606
cat__society_emaar mgf palm studios,-0.1021278240528046
"cat__society_Ashok Vihar Phase 1, Gurgaon",-0.10288485420902144
"cat__society_Sector 14, Gurgaon",-0.10388747378097754
cat__society_cghs joy kunj,-0.10420618388258358
cat__sector_sector 103,-0.10421369464683623
cat__society_viridian the plaza 106,-0.10538826830500313
cat__society_sidhartha ncr one phase 1,-0.10701405703519332
cat__sector_sector 89,-0.10736803043216693
cat__society_TOP FLOOR TERRACE,-0.11017519307738004
"cat__society_New, Gurgaon",-0.11325033084867567
cat__society_cosmos express 99,-0.1134533606732495
cat__society_bhagwanti apartment,-0.11422622635353907
cat__society_DUPLEX PENTHOUSE 5BHK,-0.11519905257812627
cat__society_Sector 47,-0.1183127587035207
"cat__society_Phase 3 Sector 22A, Gurgaon",-0.11853734840412256
cat__society_smart world orchard street,-0.11871002156232088
cat__society_urban homes,-0.1202534915189424
cat__society_orris carnation residency,-0.12093032930301195
cat__sector_sector 93,-0.12158141293903686
cat__society_Independent Villa,-0.1219388012012666
"cat__society_Sector 41, Gurgaon",-0.12256341583224696
"cat__society_Block A New Palam Vihar Phase 2, Gurgaon",-0.12410485911269188
cat__society_Brand new ultra luxury builder floor,-0.12477403807384806
cat__society_Ultra Luxurious Builder Floor,-0.1254757650498006
num__plot_area_missing,-0.12582741899450456
"cat__society_Block N, New Palam Vihar Phase 1, Gurgaon",-0.12608381186353995
cat__society_orchid gardens,-0.12862475027659215
cat__sector_sector 9,-0.1292621583323513
cat__society_DLF Phase - 1,-0.13139967715680972
cat__society_oriental valley chs,-0.13220688897892433
cat__society_DLF City Plots Phase 2,-0.13360641771107096
cat__society_m3m skycity,-0.13367390759538408
cat__society_silverglades the ivy,-0.13368868624788594
cat__society_technocrat society,-0.13448322190542683
cat__society_ireo uptown,-0.13587033135844165
cat__society_ardee city,-0.13607609909739468
cat__society_DLF Phase 4 Luxury Builder Floors,-0.13915420906508563
cat__society_emaar emerald hills,-0.13935168472518855
"cat__society_Shivpuri, Gurgaon",-0.14087528307073188
cat__society_Cancon Enclave,-0.14290858864503794
cat__society_27/12 b,-0.14383276312188004
"cat__society_Block M DLF phase 2, Gurgaon",-0.1447875260447192
cat__society_intelligentsia apartment,-0.14591175326276326
cat__society_eldeco accolade,-0.14692055908094206
cat__society_suncity vatsal valley,-0.148633200454629
cat__sector_sector 71,-0.14880467978471995
cat__society_Unitech South City 2,-0.14913998056171499
cat__society_ats kocoon,-0.14924022291928876
cat__society_North Duplex Luxury,-0.15099917858359066
cat__society_Ganga Valley,-0.15102994003024212
cat__sector_sector 78,-0.15102994003214495
cat__society_the close south,-0.1534278141247377
cat__sector_sector 1,-0.15540011450990715
"cat__society_Carterpuri Village, Gurgaon",-0.15584344193816765
cat__society_prerna society,-0.15619580562498997
cat__society_raisina residency,-0.15859029571242553
"cat__society_Block K1 New Palam Vihar Phase 1, Gurgaon",-0.16029138669844528
"cat__society_DLF Phase 1, Gurgaon",-0.16220196500483566
cat__society_Brand New Builder Floor,-0.16422489434543516
cat__sector_sector 15,-0.16425236516751804
cat__property_type_Independent Builder Floor,-0.16446213785336253
cat__society_silverglades the melia,-0.1657155917658279
cat__society_Friends Colony,-0.1674967608971901
cat__sector_sector 102,-0.16974035489844244
cat__sector_sector 68,-0.17027975176130083
cat__society_sanskriti apartments,-0.17047301350286698
"cat__society_Ashok Vihar, Gurgaon",-0.17178690486124412
cat__society_new shivalik apartments,-0.17182082160838066
cat__society_supertech araville,-0.1721279779340413
cat__society_mapsko casa bella,-0.1723268652225043
cat__society_DLF Amaltas Drive,-0.17504260077319916
cat__society_DLF City Phase 1,-0.17570172288616595
cat__society_greenopolis,-0.17587737659574107
cat__society_m3m heights,-0.1759752081425136
cat__sector_sector 21,-0.1773697573775657
"cat__society_Block B Rajendra Park, Gurgaon",-0.1776277441906801
cat__society_tdi ourania,-0.17852056283028217
cat__society_mapsko paradise,-0.1786940103632486
cat__society_East 12 Mtr Lane,-0.17931497519021977
"cat__society_New Palam Vihar, Gurgaon",-0.180463464578067
cat__sector_sector 106,-0.18054690787609343
cat__society_Landmark Avana,-0.1809710543867962
cat__society_the close north,-0.18271351105493383
cat__society_pyramid heights,-0.18367900332649087
cat__society_antriksh heights,-0.18396732565200344
cat__society_Sushant lok 1 Kothi,-0.1841079458239554
cat__society_experion the heartsong,-0.18431578945316118
"cat__society_Krishna Colony, Gurgaon",-0.18464142091858815
cat__sector_sector 85,-0.18471798898902583
cat__society_418SQYD VALUE FOR MONEY DEAL,-0.18566225027098776
cat__society_signature global the millennia,-0.18792674007918975
cat__society_krrish provence estate,-0.18835793381186705
cat__society_sector 23 d chandigarh pcode 160023,-0.1895409141816497
"cat__society_B Block Pocket B Palam Vihar, Gurgaon",-0.19113287698861298
cat__society_tulip ace,-0.19254576518884026
cat__society_millenium apartment,-0.19309633905982718
cat__society_emaar mgf emerald floors premier,-0.19313408430998408
"cat__society_Vishnu Garden, Gurgaon",-0.1932064141978763
cat__society_Mayfield garden,-0.19525383151636325
cat__society_mapsko royale ville,-0.19597301738897976
"cat__society_Jacobpura, Gurgaon",-0.19703717439071108
cat__society_krishna apartments,-0.20311131408363572
cat__society_dlf richmond park,-0.20353767649024088
cat__society_DLF Central Arcade,-0.2046308775272973
cat__society_Mayfield Gardens,-0.20523617475043698
cat__society_vipul lavanya,-0.20537952312481078
cat__society_Independent Luxury Villa,-0.20735861182011037
cat__society_K block,-0.20761038422730027
cat__society_M3M Antalya Hills,-0.20777541847883427
cat__society_samanvay apartment,-0.2079320380859065
cat__society_Signature Global City 92,-0.20794225981642112
cat__society_dlf hamilton court,-0.20872745052827857
cat__society_ats tourmaline,-0.20915951001376304
cat__sector_sector 4,-0.21044814861808184
cat__sector_sector 37,-0.21047123611741517
cat__society_BEST PRICE DEALS,-0.21101288911322932
cat__society_Super Luxury Two Side Open,-0.21249520599067043
cat__society_DLF PHASE - 1,-0.21250762128823586
cat__society_ILD Greens,-0.21533829598402623
"cat__society_Dayanand Colony, Gurgaon",-0.21626958175847313
cat__sector_sector 6,-0.2162695817593195
cat__sector_sector 39,-0.21659265389714544
"cat__society_Hasanpur, Gurgaon",-0.21888629892580114
cat__society_suncity avenue 76,-0.21937467804699204
cat__society_ashiana mulberry,-0.2200355236746288
cat__society_SECTOR 50 AVENUE EXTENTION ROAD,-0.22132034886967028
cat__society_unitech harmony,-0.22514045279687567
cat__society_DLF INDEPENDENT FLOORS,-0.2252785194345809
"cat__society_Sector 84, Gurgaon",-0.2262465826543289
cat__society_Suncity Essel Towers,-0.2289496315813933
cat__society_Luxury Homes By Horiizon Ventures,-0.23045188429313698
"cat__society_Block E DLF City Phase 1, Gurgaon",-0.23089031599120724
cat__society_jnu aravali apartment,-0.23152740983484932
cat__society_emaar mgf the enclave,-0.23251189816446663
"cat__society_DLF Phase 2, Gurgaon",-0.23281396964384615
"cat__society_New Basti, Gurgaon",-0.234196654644816
cat__society_Signature Global Park,-0.2352492478753383
cat__society_Orchid Island,-0.23525195381881372
cat__society_Exclusive Builder Floor,-0.23811008996773997
cat__society_Spacious Layout Villa,-0.2393966822435747
"cat__society_Sector 104, Gurgaon",-0.24267044118714667
cat__society_pib gharonda apartment,-0.24444596780610336
cat__society_Vaastu-Compliant,-0.24806586312417156
cat__society_the citizen,-0.24837827184329447
"cat__society_G block DLF City Phase 1, Gurgaon",-0.2502995413037626
cat__society_TOP FLOOR TERRACE GARDEN,-0.25235011330752993
cat__society_unitech escape,-0.25395565491161387
"cat__society_Madanpuri, Gurgaon",-0.2579466502173587
cat__society_bptp park prime,-0.26275890430160853
"cat__society_Block H, DLF City Phase 1, Gurgaon",-0.2643909000070693
"cat__society_Palam Vihar Extension, Gurgaon",-0.2670061540842088
"cat__society_S Block DLF Phase 3, Gurgaon",-0.2698936102663148
cat__society_BPTP Pedestal,-0.27055304757734966
cat__society_Sheetla colon,-0.27167141050321714
cat__society_dlf express greens,-0.2741776773125643
cat__society_signature global orchard avenue 2,-0.2761407492135643
cat__society_pyramid elite,-0.2765457623831658
cat__society_Namo Homes ultra luxury independent builder floor,-0.2765699502774038
cat__society_emaar mgf emerald floors,-0.2767980125532901
cat__society_signature global park,-0.2794297226200114
"cat__society_Block C Sector 17, Gurgaon",-0.2812683036917706
cat__society_Private Garden & Terrace,-0.28135971837864876
cat__society_Ansal Heights,-0.2820126251765276
"cat__society_Sector 10, Gurgaon",-0.2830190044371622
cat__sector_sector 69,-0.28565780723472145
"cat__society_Rajendra Park, Gurgaon",-0.2858050645429399
cat__society_luxurious builder floor 12mtr road north facing,-0.28598004206582417
cat__society_DLF Silver Oaks,-0.2895234312162683
cat__sector_sector 92,-0.2905934026667674
cat__society_emaar mgf emerald estate,-0.29096409423269176
cat__society_mrg the balcony,-0.2910288295336662
cat__society_pyramid square 67a,-0.29322505664198817
cat__society_Basement Plus 3 Floors,-0.2949699425352382
cat__society_Ireo Skyon,-0.29545765413113484
"cat__society_Old DLF Colony, Gurgaon",-0.29825429362828315
"cat__society_Sai Kunj Block C, Gurgaon",-0.2985333699165869
cat__society_raheja vedaanta,-0.3016179245452133
cat__society_dlf 1,-0.3017443876618991
"cat__society_Shankar Vihar, Gurgaon",-0.30404440401896704
cat__society_golden apartment,-0.3046149851276674
cat__society_west rajiv nagar gali no 11,-0.3056913468525953
"cat__society_B Block, Mayfield Garden, Gurgaon",-0.3066738314426186
cat__society_Independent Floors At Dlf Gardencity,-0.3067611804426029
"cat__society_Galleria Market, Gurgaon",-0.30870777772151864
cat__society_Luxury Builder Floors dlf phase 2,-0.30952825587690663
cat__sector_sector 104,-0.31048304280405725
"cat__society_Patel Nagar, Gurgaon",-0.31486910229709414
"cat__society_Block D Rajendra Park, Gurgaon",-0.31527257315364315
"cat__society_Sector 24, Gurgaon",-0.31713998974750546
cat__society_Ultra-Luxury Floors,-0.31750023940614613
cat__society_Raheja Vedaanta,-0.32364567652425935
cat__society_DLF Phase 1 Ultra Luxury Builder Floors,-0.3243007667900327
"cat__society_Block E Sheetla Colony, Gurgaon",-0.32669040620997025
"cat__society_Sector 42, Gurgaon",-0.3275441356401412
"cat__society_Green Meadows, DLF Phase 4",-0.32763679291164655
cat__age_possession_Under Construction,-0.33046434769031974
cat__society_DLF Phase - 4,-0.33250806971569014
cat__society_Duplex villa Gurgaon,-0.3338094119453803
"cat__society_Manesar, Gurgaon",-0.33479618911247144
cat__sector_sector 7,-0.33652361992589447
"cat__society_DLF Phase 4, Gurgaon",-0.3366736443415698
cat__society_ULTRA LUXURIOUS BUILDER FLOOR DLF PHASE 2,-0.3394436096324704
cat__society_pyramid fusion homes,-0.34027809895013883
cat__sector_sector 3,-0.3417170614395897
cat__society_Uppal South End,-0.34272595908548587
cat__sector_sector 95,-0.34684636880656294
cat__society_unitech fresco,-0.34872196596593064
cat__society_Vipul World Floors,-0.3505335068470959
cat__sector_sector 110,-0.35119865054705596
cat__society_DUPLEX GROUND FLOOR,-0.35156419412819917
"cat__society_Sohna Road, Gurgaon",-0.35199382488626985
cat__society_ultra luxury builder floor,-0.35403017544838444
"cat__society_Kirti Nagar, Gurgaon",-0.3570866511505218
cat__society_TOP FLOOR 5BHK,-0.3581545196618259
cat__society_eros wembley estate,-0.3582500418023343
cat__society_Stilt Plus 3 Floors,-0.35840119351937016
"cat__society_Sahib Kunj, Gurgaon",-0.35946701788864976
"cat__society_Nihali colony, Gurgaon",-0.36147955742092414
cat__sector_sector 13,-0.3626105901399305
"cat__society_Rajiv Nagar, Gurgaon",-0.36261059014697566
cat__society_pragati hills cghs society,-0.3645329597937859
cat__society_Godrej Nature Plus,-0.3670871635067828
cat__society_sahara grace,-0.36735803512176946
cat__society_DLF Luxury Builder Floors,-0.36827740384597674
cat__society_pyramid urban homes,-0.37284708655350507
cat__society_brisk lumbini terrace homes,-0.3774046625254498
"cat__society_Sector 68, Gurgaon",-0.37839527733092304
cat__society_SIgnature Global Daxin 3BHK Flat,-0.38025919171535055
"cat__society_Supermart-1, Gurgaon",-0.3823449461000123
"cat__society_Block J Ashok Vihar phase 3 extension, Gurgaon",-0.3855884672950562
cat__society_Dlf Phase 4 Brand New Builder Floor,-0.38593759832994196
cat__society_breez global heights,-0.38791761695498495
"cat__society_Surat Nagar Phase 2, Gurgaon",-0.39240645495850185
cat__sector_sector 101,-0.3952406839753946
"cat__society_Basai Village, Gurgaon",-0.3952406839838031
"cat__society_Laxman Vihar Phase 2, Gurgaon",-0.3968463082508172
"cat__society_Farukhnagar, Gurgaon",-0.3970776999520985
cat__sector_farukhnagar,-0.3970776999839232
cat__sector_sector 8,-0.3975071456307925
cat__society_Park facing Budget friendly,-0.4036575964476073
cat__society_DLF Ultra Luxury Builder Floors,-0.41227241188864794
cat__society_navyug apartments,-0.41275517759892666
"cat__society_Sector 49, Gurgaon",-0.4156023053751139
cat__society_300SQYD FLOOR CHEAPEST DEAL,-0.41786642209363256
cat__society_ARJUN MARG DLF 1,-0.42055016701785897
cat__sector_sector 11,-0.42182883082196676
cat__sector_sector 5,-0.42233049067272765
cat__sector_sector 105,-0.422891719519997
cat__society_DLF City Plots Phase 4,-0.42416310649230754
cat__society_pyramid urban,-0.42647308109805987
"cat__society_Trimurti Villas, Gurgaon",-0.4332166363244222
"cat__society_Sector 10A, Gurgaon",-0.43371062054562387
cat__society_Sector 9,-0.43397382190620565
"cat__society_Manohar Nagar, Gurgaon",-0.4345593509923774
cat__society_Paras Dews,-0.43550405190272473
cat__sector_sector 12,-0.4355401773511055
"cat__society_Dhumaspur, Gurgaon",-0.44120976727955225
cat__society_Elegant Home by Horiizon Ventures,-0.4516004657373797
"cat__society_Maruti Kunj, Gurgaon",-0.4523505433244464
cat__society_dlf belvedere park,-0.4551792639316383
cat__society_VASTU COMPLAINT,-0.45912755405790784
cat__society_PARK FACING FLOOR,-0.46224834397248865
"cat__society_Alipur, Gurgaon",-0.46712810692747064
"cat__society_Block D Sector 50, Gurgaon",-0.46742229626006293
cat__society_Independent Floors at DLF City Phase 4,-0.471669793744766
"cat__society_Block D sector 56, Gurgaon",-0.47516392780743877
"cat__society_Jharsa, Gurgaon",-0.47576161245359866
cat__society_Adani Samsara Avasa,-0.4760216996549369
cat__society_trimurti plots villas,-0.4785070070973191
cat__society_trimurti villas,-0.47903842487544507
cat__society_4S Amara Floors,-0.47963213342410094
cat__society_indipendent house,-0.48788461681302503
"cat__society_Housing board colony,Sector 7 Ext, Gurgaon",-0.4906181689166631
cat__society_vimal enclave maruti kung,-0.49269734581419294
"cat__society_Surat Nagar Phase 1, Gurgaon",-0.4953729586695496
"cat__society_Sector 53, Gurgaon",-0.498187614891944
cat__society_DLF Galleria,-0.507741749388274
cat__society_raheja atharva,-0.5099565124636466
cat__society_Hans Enclave,-0.5142830684165868
cat__society_dlf regency park 2,-0.52034492614575
"cat__society_Sector 104, phase-1",-0.5231008390386342
cat__society_BEST PRICE DEAL,-0.5232493142560439
cat__society_the orchid crescent,-0.5252338391609425
cat__society_ROF Aalayas,-0.5441767973941029
cat__society_dlf silver oaks,-0.5588927689848068
cat__society_Cyber City,-0.5596832027067873
cat__society_Signature Global Park 4,-0.5767391781642586
"cat__society_Sector 28, Gurgaon",-0.5857246980827867
"cat__society_Laxman Vihar, Gurgaon",-0.5914837168563247
cat__society_dlf regency park 1,-0.5936335539229046
"cat__society_Rajiv Chowk, Gurgaon",-0.6136319367241407
"cat__society_Bhondsi, Gurgaon",-0.614395634380996
"cat__society_Bhawani Enclave, Gurgaon",-0.6151571008195397
"cat__society_Saraswati Enclave, Gurgaon",-0.6305006640732754
cat__society_MRG The Meridian,-0.6312048039626412
cat__society_rose apartment,-0.6322155514434318
cat__society_Huda Old Jail Land Complex,-0.6433981643032315
"cat__society_Jhajjar Road, Gurgaon",-0.6439320499766813
"cat__society_Block A Surya Vihar, Gurgaon",-0.6721355075411565
cat__society_karrahi,-0.6810067073862287
"cat__society_Kadipur Industrial Area, Gurgaon",-0.6904157632754414
cat__society_suncity essel towers,-0.6933114470064321
"cat__society_Dhankot, Gurgaon",-0.6991833137425211
"cat__society_Pataudi Road, Gurgaon",-0.73755036485973
cat__society_D Block,-0.7473321418966519
cat__society_Signature Global Synera,-0.7745680783787035
"cat__society_Surya Vihar, Gurgaon",-0.7780668240594656
cat__society_MV Buildcon Precore City,-0.7902018890692413
"cat__society_Garhi Harsaru, Gurgaon",-0.7915809251869119
"cat__society_Feroz Gandhi Colony, Gurgaon",-0.804070920914438
cat__society_Nainwal,-0.8058783150242822
"cat__society_Devilal Colony, Gurgaon",-0.8385883640198917
cat__society_sec-57,-0.8522829583408544
"cat__society_Om Vihar, Gurgaon",-0.8534012659110599
cat__society_Shyam Kunj,-0.8535414225853014
"cat__society_Behrampur, Gurgaon",-0.883713167545461
"cat__society_Sector 1A IMT Manesar, Gurgaon",-0.9101151557387407
cat__society_Independent House luxurious,-0.9663076568668312
cat__society_lohsinghani..,-0.9678803687038672
cat__society_North East & Park Facing Corner 18 meter wide road,-0.9876675126311271
cat__society_village haryana,-1.0003657228576983
cat__society_sadiqplaza,-1.0018730029730674
"cat__society_Block Q DLF City Phase-2, Gurgaon",-1.0119763149360539
cat__society_Housing Board Colony,-1.0214091234722462
cat__society_Shiv Shankar Society,-1.0591547231549092
cat__society_Top terrace Renovated,-1.090988372588239
cat__society_Sahara Mall,-1.1208566546545442
cat__society_trimurti villas bhiwadi,-1.185098546360851
"cat__society_Green Heritage Villas, Jhajjar",-1.2212806256494029
cat__society_Luxurious Villa dlf Phase-1,-1.2498887445756643
cat__society_Ultra Luxurious villa,-1.346248034154103
cat__society_Spaze Palazo,-1.575183526450787
